<?xml version="1.0" encoding="UTF-8"?>
<project-private xmlns="http://www.netbeans.org/ns/project-private/1">
    <editor-bookmarks xmlns="http://www.netbeans.org/ns/editor-bookmarks/2" lastBookmarkId="0"/>
    <open-files xmlns="http://www.netbeans.org/ns/projectui-open-files/2">
        <group>
            <file>file:/C:/Users/ACER/Desktop/learning%20resources/PRJ301/code/PRJ301/ex5/Given/ex5/src/java/pe/car/CarDAO.java</file>
            <file>file:/C:/Users/ACER/Desktop/learning%20resources/PRJ301/code/PRJ301/ex5/Given/ex5/web/carList.jsp</file>
            <file>file:/C:/Users/ACER/Desktop/learning%20resources/PRJ301/code/PRJ301/ex5/Given/ex5/src/java/pe/controllers/MainController.java</file>
        </group>
    </open-files>
</project-private>
